table,rows_in,rows_out,rejected,timestamp,runtime_s
companies,92,92,0,2026-10-08T07:59:17.654195+00:00,0.078
profitandloss,1276,1073,203,2026-10-08T07:59:18.578014+00:00,0.9237
balancesheet,1312,1140,172,2026-10-08T07:59:19.088101+00:00,0.51
cashflow,1187,1063,124,2026-10-08T07:59:19.365008+00:00,0.2768
analysis,20,16,4,2026-10-08T07:59:19.388177+00:00,0.0231
documents,1585,1457,128,2026-10-08T07:59:19.808682+00:00,0.4204
prosandcons,16,14,2,2026-10-08T07:59:19.847150+00:00,0.0384
sectors,92,92,0,2026-10-08T07:59:20.131984+00:00,0.2848
stock_prices,5520,5520,0,2026-10-08T07:59:22.833486+00:00,2.7013
market_cap,552,552,0,2026-10-08T07:59:22.993682+00:00,0.1601
financial_ratios,1184,0,0,2026-10-08T07:59:23.572043+00:00,0.5783
peer_groups,56,56,0,2026-10-08T07:59:23.614876+00:00,0.0428
